career_id,skill_id,required_level,importance,market_demand,strategic_value
1,1,3,90,85,85
1,2,4,95,80,70
1,3,3,80,80,70
1,5,3,75,70,50
1,13,4,95,85,80
1,14,4,90,80,75
1,15,3,80,75,65
1,16,4,90,75,60
1,17,4,85,70,55
1,18,4,85,75,65
2,1,4,95,95,90
2,2,3,80,75,60
2,3,3,85,85,70
2,4,3,90,90,85
2,5,4,90,85,75
2,6,4,90,85,70
2,7,3,80,80,65
2,8,2,70,80,70
2,16,3,75,65,50
2,20,3,85,80,65
3,1,2,65,70,55
3,2,3,80,75,60
3,5,2,70,65,50
3,6,3,85,80,65
3,10,4,95,85,75
3,11,4,95,90,80
3,12,4,90,90,75
3,16,4,90,80,65
3,17,4,85,75,60
3,20,3,85,80,65
4,1,3,80,80,70
4,2,5,98,90,85
4,3,3,75,80,65
4,4,2,70,80,65
4,5,4,85,80,70
4,9,4,95,90,85
4,16,4,85,75,60
4,17,3,80,70,55
4,18,4,85,75,65
4,19,4,90,80,70
